,half,quarter,eighth,16th
half,0.3613906936005016,0.06061521989374061,0.02255447305449598,0.02144954059979808
quarter,0.3741137950693989,0.43501512627048755,0.19511258751448676,0.15162469347183602
eighth,0.21292806301057363,0.4728796561202441,0.6824365096567979,0.3399917261021568
16th,0.051567448319525894,0.031489997715527726,0.09989642977421935,0.4869340398262091
