,half,quarter,eighth,16th
half,0.24409864898190656,0.05035962076049773,0.03815799930619675,0.028461116512615053
quarter,0.5294024692061651,0.3326031793442377,0.14651192276264174,0.17496295031841497
eighth,0.1797254525361785,0.6015458828816758,0.7704694753058844,0.3258770373433469
16th,0.04677342927574992,0.015491317013588721,0.04486060262527708,0.470698895825623
