,quarter,eighth,half,16th
quarter,0.0003942110672314883,0.17647367652993257,1.3165447855157862e-09,0.0003504786766803322
eighth,0.8334763485550319,0.7940228703579111,4.3055170273485495e-07,0.8518231837095915
half,0.1661294285120198,0.02950103794469692,0.9999995681242704,0.14425121456757323
16th,1.1865716685331372e-08,2.4151674594355778e-06,7.482125115611654e-12,0.0035751230461548607
