I,I_CONV,MAX_F,MIN_F,MEAN_F,MEDIAN_F,C_TONE,C_TONE_B,CADENCE,L_NOTE,I_RES,L_INT,L_DUR,CONS_R,CONS_N,PATTERN_D,PATTERN_SD,EQ_INDIV,INDIV_SIZE,L_RATE,POP_SIZE,E_SIZE,X_TYPE,SEL_SIZE
500,-1,4.251415684790975,0.9267392075110378,3.282229362647301,3.6370699866999754,0.5566335369491628,0.0785,-0.549,0.3354056131024979,0.09480000000000013,-0.02809709134432393,-0.016490395328427016,-0.0065,-0.23120171356421332,0.459731063473023,0.24547769187044094,0.001,8,0.5,1000,50,1X+2X,50
500,-1,4.196323489044389,0.983875655157713,3.2316626279731997,3.6066560038887236,0.5587863192363192,0.068625,-0.524,0.32734459502868674,0.0969666666666669,-0.02594330939575303,-0.016588824716903594,-0.007125,-0.23519570533633044,0.4643479888649884,0.2593447499906664,0.001,8,0.5,1000,50,1X+2X,50
500,-1,3.9202248245163958,0.5511974389814527,2.411914815973825,2.17678168616352,0.5683098058191814,0.092125,0.0115,0.346650407448215,0.17526666666666585,-0.026460462154668716,-0.016057496297138315,-0.004,-0.2485154297091795,0.46261213688771324,0.5516293833489829,0.001,8,0.5,1000,50,1X+2X,50
500,-1,4.173678735666534,0.9197307716899938,3.1087252314612934,3.543239176856508,0.567575094350094,0.09075,-0.4135,0.35070017756254396,0.10716666666666688,-0.022040244609857824,-0.01521478165601464,-0.00425,-0.24324865897990863,0.46442811776636134,0.2546593360929937,0.001,8,0.5,1000,50,1X+2X,50
500,-1,4.169934717169969,0.7496201025101804,2.889165275335311,2.9276289638418653,0.566316260128761,0.0859375,-0.204,0.34658999383651684,0.10086666666666667,-0.02013426125301571,-0.016182088438141493,-0.01225,-0.26732683635808646,0.4584414400455974,0.2781582289879183,0.001,8,0.5,1000,50,1X+2X,50
500,-1,3.784961015553474,0.30709909896850734,2.5298256473626055,2.855194389531988,0.6094342209873457,0.15525,-0.265,0.4181767321074064,0.07993333333333343,-0.013454263778026408,-0.015028150294038622,-0.00075,-0.1842898035991785,0.4593353003774257,0.6361818733828574,0.001,8,0.5,1000,50,1X+2X,50
