I,I_CONV,MAX_F,MIN_F,MEAN_F,MEDIAN_F,C_TONE,C_TONE_B,CADENCE,L_NOTE,I_RES,L_INT,L_DUR,CONS_R,CONS_N,PATTERN_D,PATTERN_SD,EQ_INDIV,INDIV_SIZE,L_RATE,POP_SIZE,E_SIZE,X_TYPE,SEL_SIZE
500,-1,3.846542239312226,0.5084810433640102,2.4883723806710663,2.233907176091085,0.6041819073287817,0.145,-0.0665,0.40494052442898165,0.042766666666666904,-0.033060470437049266,-0.016297437102821676,-0.004,-0.1836396447302699,0.46088279620079947,0.5858646663580276,0.001,8,0.5,1000,50,1X+2X,50
