,quarter,eighth,half,16th
quarter,0.7360876595356932,0.16712764169836622,3.645917372172417e-07,0.057790122831349225
eighth,0.12864660517666512,0.8328719627498977,0.9999983195633783,0.7549346638248601
half,0.13526573512874526,3.9536538797878307e-07,1.3154986617244402e-06,0.0008280810926445864
16th,1.5889637553423142e-10,1.8634809903344385e-10,3.4622279690062366e-10,0.18644713225114612
