,quarter,eighth,half,16th
quarter,0.928568472001937,0.29466973809591884,0.999976231338184,0.4595124572997433
eighth,2.2945290240530688e-06,0.7050843424642643,1.2233989856573611e-05,0.5358032148767523
half,0.0714292143886063,9.10506697036339e-06,1.1534259109285108e-05,1.5906981164932618e-06
16th,1.908043259371612e-08,0.00023681437284651035,4.1285013376087844e-10,0.004682737125387805
