I,I_CONV,MAX_F,MIN_F,MEAN_F,MEDIAN_F,C_TONE,C_TONE_B,CADENCE,L_NOTE,I_RES,L_INT,L_DUR,CONS_R,CONS_N,PATTERN_D,PATTERN_SD,EQ_INDIV,INDIV_SIZE,L_RATE,POP_SIZE,E_SIZE,X_TYPE,SEL_SIZE
500,-1,4.37714685010539,0.45537860189840146,1.815322177343912,0.45537860189840146,0.5488671259296264,-0.08325,0.2715,0.41600308491406734,0.08466666666666678,-0.005808374142998145,-0.006445090477448603,-0.015375,-0.27525661942224394,0.6145670145935511,0.4346135670936196,0.549,8,0.5,1000,50,1X+2X,50
500,-1,4.116659314678448,0.3353716856461603,1.6944786975992465,0.3353716856461603,0.5905478174603157,-0.03,0.2635,0.44753801919857444,0.08750000000000026,-0.005859715079619351,-0.019859545742714913,-0.008125,-0.2271673115079358,0.64059614084934,0.4852179447618162,0.55,8,0.5,1000,50,1X+2X,50
500,-1,4.195071875836128,0.06777492873274818,1.467787898584325,0.06777492873274818,0.5826635253635261,-0.0628125,0.3585,0.4200059450869037,0.08856666666666689,-0.004526445229340061,-0.018734374927333115,-0.018375,-0.2195225371850361,0.6461604102476437,0.6418695243400555,0.55,8,0.5,1000,50,1X+2X,50
500,-1,4.149805152754901,0.2272765661177958,1.6036987230962083,0.2272765661177958,0.6132905802530774,-0.028375,0.3105,0.45683164856719494,0.0911000000000004,-0.005639345009386388,-0.00656456928619051,-0.011125,-0.24272063388000947,0.6298998242855258,0.5196337380785471,0.55,8,0.5,1000,50,1X+2X,50
500,-1,4.068222487206501,0.3412151799569307,1.787950335657012,0.3412151799569307,0.5644473131035599,-0.0344375,0.138,0.46142748402090844,0.06143333333333379,-0.00450464617725034,-0.006922330404243195,-0.009125,-0.2435144314019312,0.6487424934145432,0.5150768223850734,0.55,8,0.5,1000,50,1X+2X,50
