I,I_CONV,MAX_F,MIN_F,MEAN_F,MEDIAN_F,C_TONE,C_TONE_B,CADENCE,L_NOTE,I_RES,L_INT,L_DUR,CONS_R,CONS_N,PATTERN_D,PATTERN_SD,EQ_INDIV,INDIV_SIZE,L_RATE,POP_SIZE,E_SIZE,X_TYPE,SEL_SIZE
500,-1,4.342053167191241,0.43859678979479727,1.7705180779293612,0.43859678979479727,0.5973789380758144,-0.043375,0.2865,0.441453751757248,0.08420000000000029,-0.006384888550331723,-0.007321159252519514,-0.019875,-0.23416313027250535,0.6448133698656717,0.3845572050650443,0.55,8,0.5,1000,50,1X+2X,50
500,-1,4.157022474529914,0.44977549308063713,1.739689996638274,0.44977549308063713,0.5797422799422801,-0.068375,0.281,0.4367363458716212,0.09750000000000045,-0.005803766736183986,-0.0069279063216444664,-0.003625,-0.24632403048340581,0.6437309997425222,0.4009051747524355,0.55,8,0.5,1000,50,1X+2X,50
