,half,quarter,eighth,16th
half,0.3863063140684202,0.12704617463712486,0.03427707467075559,0.00033446982389773335
quarter,0.42376442586006186,0.3813531125063107,0.1477413454122771,0.12834987389295013
eighth,0.18763347027594757,0.4707729018347558,0.6938902344890195,0.37257628719039665
16th,0.0022957897955703864,0.020827811021808584,0.12409134542794777,0.4987393690927555
