,quarter,eighth,half,16th
quarter,0.31436840142926775,7.078058522713886e-10,1.4642691651242508e-06,0.0008313276474498177
eighth,0.00016097316081286746,0.9522933912471347,0.4813224943378615,0.823427132325682
half,0.6854706130171392,0.047706607961791395,0.5186760413778794,0.15775993554246476
16th,1.2392780105612384e-08,8.326792992436873e-11,1.5094091954131988e-11,0.017981604484403366
