,quarter,eighth,half,16th
quarter,0.9230631443498316,0.49389585853271534,0.999995912108898,0.06042378914893249
eighth,1.2516979871222262e-05,0.5037148585944285,1.0152272043640004e-06,0.9354031284784231
half,0.0769243379559892,0.001917013943673124,3.0725691574369676e-06,0.0003691256257154941
16th,7.143080869975822e-10,0.0004722689291829908,9.474015476029971e-11,0.0038039567469288892
