I,I_CONV,MAX_F,MIN_F,MEAN_F,MEDIAN_F,C_TONE,C_TONE_B,CADENCE,L_NOTE,I_RES,L_INT,L_DUR,CONS_R,CONS_N,PATTERN_D,PATTERN_SD,EQ_INDIV,INDIV_SIZE,L_RATE,POP_SIZE,E_SIZE,X_TYPE,SEL_SIZE
50,-1,2.06333138122985,1.7773446294362347,1.876235344078325,1.8753103698361855,0.47483387445887404,0.478125,0.5,0.006378558941058943,0.2720000000000001,-0.00022222222222222223,-0.0417830806459364,0.0,-0.028461985930735918,0.32055941204354005,0.28460543328446714,0.02,8,0.5,100,5,1X+2X,50
