,quarter,eighth,half,16th
quarter,0.557860528823358,0.21671791552022873,0.47802650721061074,0.1325436902222161
eighth,0.32547793461385405,0.6105992811949484,0.3010986237293332,0.5221531463744002
half,0.09271561092848143,0.061540616739286604,0.20709905324513833,0.03156839673913921
16th,0.023945925634306597,0.11114218654553618,0.013775815814917653,0.3137347666642445
