,half,quarter,eighth,16th
half,0.45493136651493854,0.07066943349622426,0.02131212518940261,0.02700228252228158
quarter,0.32899524610544967,0.4765833194073854,0.2103205408568081,0.12690811686371004
eighth,0.187420801918944,0.42192437961310564,0.6708417635996278,0.3652442843993212
16th,0.028652585460667783,0.030822867483284676,0.09752557035416148,0.4808453162146872
