,half,quarter,eighth,16th
half,0.42838489396111257,0.04882929516464019,0.020181272356145114,0.018943848046711863
quarter,0.28584282688197615,0.43078452265618705,0.2039896128269308,0.14171844841639136
eighth,0.23899433185511565,0.4842510495224908,0.6492201825911376,0.3551329787488166
16th,0.04677794730179565,0.036135132656681924,0.1266089322257866,0.48420472478808013
