,half,quarter,eighth,16th
half,0.6061807126042086,0.06702032931692099,0.0205636867062154,0.0158843430642596
quarter,0.24535620485348308,0.4696945594794523,0.2066856711941846,0.13034513812927673
eighth,0.13509175298604842,0.4380807982396143,0.6766503328896146,0.34054058683218585
16th,0.013371329556259899,0.025204312964012345,0.0961003092099853,0.5132299319742779
