,quarter,eighth,half,16th
quarter,0.4597734180417231,0.23290212430295887,0.4487451911198562,0.06114151565803289
eighth,0.3632777423493423,0.5757541195715469,0.3466506914682137,0.6595022170773261
half,0.16505542179079047,0.07304443278431808,0.19020015437755777,0.002837420714767833
16th,0.01189341781814411,0.11829932334117618,0.014403963034372283,0.27651884654987313
