,half,quarter,eighth,16th
half,0.2173383396060797,0.06706050973180512,0.01312134848887441,0.013109621748431222
quarter,0.4548042314370841,0.5196109272476938,0.18997566633668211,0.17527596303951148
eighth,0.305113647941365,0.3644041074353303,0.6593908584752186,0.28098478162680807
16th,0.022743781015471157,0.04892445558517082,0.13751212669922486,0.5306296335852492
