,quarter,eighth,half,16th
quarter,0.5263685862922879,0.2089771895308845,0.4683049620649555,0.14645805967839118
eighth,0.34250630170424917,0.6121549437433527,0.22757906405493306,0.5200376965590834
half,0.09866187545206129,0.061473345380598635,0.28646595772698047,0.02297146139435088
16th,0.032463236551401674,0.1173945213451641,0.017650016153131026,0.3105327823681745
