,half,quarter,eighth,16th
half,0.3928491379724479,0.06868355938456691,0.0289226279497332,0.007169415751694109
quarter,0.3363329131936776,0.43155949809207406,0.19775758942235402,0.12942752843685787
eighth,0.23701786740481723,0.4683057972143429,0.6883830537263753,0.36979193767807217
16th,0.03380008142905728,0.03145114530901612,0.08493672890153746,0.4936111181333758
