,quarter,eighth,half,16th
quarter,0.3999553179265721,2.3532695876074036e-08,0.9998762908728867,0.2649158737183678
eighth,0.6000444693927088,0.5714286790779644,1.0965663885257121e-08,0.03207176377892176
half,2.1227832338097946e-07,0.4285712966077681,0.0001236977330546423,0.4553723294189984
16th,4.023957266872324e-10,7.815715780640896e-10,4.283948305256445e-10,0.24764003308371207
