,half,quarter,eighth,16th
half,0.8786825044892659,0.08849260913549926,0.0333592865769702,0.016298472187168844
quarter,0.05896956425324471,0.4444080127868971,0.18648590819890468,0.12406281585651033
eighth,0.047824343620870374,0.43623702687674965,0.6881016480164044,0.36109903331095394
16th,0.014523587636619118,0.030862351200853927,0.09205315720772073,0.4985396786453669
