,half,quarter,eighth,16th
half,0.35943819436486013,0.08673843586128523,0.02310811910992065,0.01501773227187922
quarter,0.37094497582388347,0.46140322345927115,0.22447414442975244,0.12483874790723157
eighth,0.23312685868251568,0.4251913454284089,0.6509882046844848,0.34126526958053577
16th,0.036489971128740695,0.026666995251034678,0.10142953177584202,0.5188782502403534
