,quarter,eighth,half,16th
quarter,0.5751002416065469,0.20000522488617475,0.5141162492977306,0.21003931813653562
eighth,0.2848203636256372,0.6082163798210937,0.26385275412189707,0.5236236946068027
half,0.11616385213288538,0.07873900045944997,0.2206394687078039,0.010577989409090674
16th,0.023915542634930557,0.11303939483328156,0.0013915278725683926,0.25575899784757095
