,half,quarter,eighth,16th
half,0.430814502704049,0.08256757505069287,0.02078738656948239,0.01505638059029278
quarter,0.4000615832113653,0.43271583958792553,0.20981163449364904,0.14772463204952882
eighth,0.13697452384071482,0.4493632348502782,0.6637511406274388,0.3445102278105856
16th,0.032149390243870896,0.03535335051110339,0.1056498383094298,0.49270875954959276
