,quarter,eighth,half,16th
quarter,0.5496839363614563,0.19634167574493078,0.5122793962081987,0.12136383217047164
eighth,0.3376432791352793,0.6342336618174625,0.2586167175757703,0.5252641433872204
half,0.08605996157632295,0.06822965505780841,0.21516675410265124,0.024463573854511454
16th,0.02661282292694149,0.10119500737979825,0.01393713211337961,0.32890845058779655
