I,I_CONV,MAX_F,MIN_F,MEAN_F,C_TONE,C_TONE_B,CADENCE,L_NOTE,I_RES,L_INT,L_DUR,CONS_R,CONS_N,PATTERN_D,PATTERN_SD,EQ_INDIV,INDIV_SIZE,L_RATE,POP_SIZE,E_SIZE,X_TYPE,SEL_SIZE
500,-1,6.0952304930785095,-0.261090363240556,2.5966445605538087,0.5882838203463188,0.3394375,-0.214,0.49819593812227847,0.2614999999999975,-0.03816299274451839,-0.011185992287210745,-0.008625,-0.010540933025308041,0.5983272124987555,0.5934150076434794,0.3,8,0.5,1000,50,1X+2X,50
500,-1,5.418553247595933,-0.47235238463416834,2.066098233041244,0.6485794372294363,0.333375,-0.224,0.4869639500884948,0.14809999999999834,-0.036434655638936074,-0.012486548023950043,-0.0125,-0.13872194715007233,0.5792468388069643,0.2939761577292941,0.291,8,0.5,1000,50,1X+2X,50
500,-1,5.777012963500281,-0.7830588481575324,2.0345081546107884,0.5640972610722588,0.24175,-0.156,0.3906315616336711,0.17496666666666497,-0.07686904654074597,-0.011643829207329117,-0.01325,-0.08583789786602317,0.5835530089409713,0.4231104299113168,0.3,8,0.5,1000,50,1X+2X,50
500,-1,5.3959954243777775,-0.45117182524114474,2.076121793507828,0.6105594169719152,0.3195,-0.1675,0.4804808601088408,0.1795333333333314,-0.056066250772687516,-0.012098166927251153,-0.0075,-0.1139255123348873,0.5731121649922617,0.27002594813629466,0.3,8,0.5,1000,50,1X+2X,50
