I,I_CONV,MAX_F,MIN_F,MEAN_F,C_TONE,C_TONE_B,CADENCE,L_NOTE,I_RES,L_INT,L_DUR,CONS_R,CONS_N,PATTERN_D,PATTERN_SD,EQ_INDIV,INDIV_SIZE,L_RATE,POP_SIZE,E_SIZE,X_TYPE,SEL_SIZE
500,-1,6.095230493,-0.261090363,2.596644561,0.58828382,0.3394375,-0.214,0.498195938,0.2615,-0.038162993,-0.011185992,-0.008625,-0.010540933,0.598327212,0.593415008,0.3,8,0.5,1000,50,1X+2X,50
500,-1,5.418553248,-0.472352385,2.066098233,0.648579437,0.333375,-0.224,0.48696395,0.1481,-0.036434656,-0.012486548,-0.0125,-0.138721947,0.579246839,0.293976158,0.291,8,0.5,1000,50,1X+2X,50
500,-1,5.777012964,-0.783058848,2.034508155,0.564097261,0.24175,-0.156,0.390631562,0.174966667,-0.076869047,-0.011643829,-0.01325,-0.085837898,0.583553009,0.42311043,0.3,8,0.5,1000,50,1X+2X,50
500,-1,5.395995424,-0.451171825,2.076121794,0.610559417,0.3195,-0.1675,0.48048086,0.179533333,-0.056066251,-0.012098167,-0.0075,-0.113925512,0.573112165,0.270025948,0.3,8,0.5,1000,50,1X+2X,50
500,-1,5.687168142,-0.582377688,2.391027905,0.574034799,0.2713125,0.1105,0.427608719,0.134466667,-0.040619479,-0.03249624,-0.01425,-0.118215792,0.591420419,0.487266313,0.3,8,0.5,1000,50,1X+2X,50
