,half,quarter,eighth,16th
half,0.1665025750677745,0.013489514406477394,0.05410646752158263,0.00015940523832896843
quarter,0.1425619165708485,0.4569823606107395,0.31038340176305435,0.0036584855325359988
eighth,0.11628368626217886,0.5218893344557002,0.45254522920490303,0.09989844077990223
16th,0.5746518220991981,0.007638790527082924,0.18296490151045994,0.8962836684492328
