,quarter,eighth,half,16th
quarter,1.669786805978502e-07,0.124999979252046,1.0901013522318686e-07,0.09537271261073843
eighth,0.9999997953991938,0.812500021942702,0.4949493538162896,0.635528134924263
half,3.7601484071034554e-08,0.062499998279558704,0.505050537009102,0.20389847469743663
16th,2.0641564556557648e-11,5.256932817796692e-10,1.644733929171272e-10,0.06520067776756197
