,half,quarter,eighth,16th
half,0.4633900290423852,0.14293842415945435,0.009764061300236793,0.0031265160775223715
quarter,0.15754452180069625,0.363415627872257,0.1514157199861598,0.12795149605759756
eighth,0.3762529519129388,0.4736371395178474,0.7992854843227243,0.37749493645014565
16th,0.0028124972439797667,0.020008808450441177,0.0395347343908791,0.4914270514147344
