,quarter,eighth,half,16th
quarter,0.42838088973364613,0.44211964916748764,0.4092639794059856,0.0011826184928716002
eighth,0.5716188607049223,0.18731665256106927,0.4092638135312625,0.8267646880152624
half,2.4946649252693766e-07,0.3705636979925396,0.1814722069525694,0.019904499104243183
16th,9.493909361320298e-11,2.789034783662479e-10,1.1018253422226462e-10,0.1521481943876228
