,half,quarter,eighth,16th
half,0.2580734430868008,0.09186454942986635,0.015315720417670457,0.0068259931535601245
quarter,0.31574204684018625,0.40510345581489626,0.21333668790348717,0.13361193741643565
eighth,0.3908525384792909,0.4659799428475181,0.672613304071824,0.36176140926230665
16th,0.03533197159372203,0.03705205190771926,0.0987342876070185,0.4978006601676976
