,half,quarter,eighth,16th
half,0.49253945101675806,0.012527977219369987,0.027538742258329328,0.005077854253781775
quarter,0.41701817488412546,0.41917088151529713,0.15245646362178444,0.053825885608279285
eighth,0.07624906151810401,0.562627265566112,0.7814256443411716,0.452403796322545
16th,0.014193312581012456,0.005673875699220893,0.038579149778714586,0.4886924638153939
