I,I_CONV,MAX_F,MIN_F,MEAN_F,C_TONE,C_TONE_B,CADENCE,L_NOTE,I_RES,L_INT,L_DUR,CONS_R,CONS_N,PATTERN_D,PATTERN_SD,EQ_INDIV,INDIV_SIZE,L_RATE,POP_SIZE,E_SIZE,X_TYPE
300,-1,4.661309523809524,-1.4950980392156865,0.40709671410998893,0.524141767954268,0.06416666666666666,-0.7383333333333333,0.2640865800865798,0.048095238095238024,-0.0974885240893142,-0.017072319480092246,-0.009166666666666667,-0.059863143800643816,0.38668763978313403,0.04184280889415272,0.0033333333333333335,4,0.4,300,15,1X+2X
300,-1,4.455357142857142,-1.6564213564213561,0.538441286822867,0.5141553007178006,0.04666666666666667,-0.68,0.2999178506678505,0.08047619047619049,-0.09117819066071554,-0.018967051736044984,-0.0008333333333333334,-0.030578412328412335,0.39129625989074684,0.027486006462116967,0.0033333333333333335,4,0.4,300,15,1X+2X
300,-1,3.8928571428571432,-1.9693840579710145,0.13348282200077385,0.46814264670514677,-0.03333333333333333,-0.7,0.1762195027195028,0.04166666666666664,-0.15703543158236077,-0.016937157533322134,-0.0175,-0.05117800024050028,0.4008454961088271,0.022592432490147002,0.0033333333333333335,4,0.4,300,15,1X+2X
300,-1,4.149749373433584,-1.631640810170222,0.5273014938987874,0.541109187109187,0.051666666666666666,-0.675,0.3283921356421356,0.08333333333333334,-0.16205416315019341,-0.015007549120606672,-0.0008333333333333334,-0.055281174843674896,0.4003201082968803,0.03065628329839329,0.0033333333333333335,4,0.4,300,15,1X+2X
300,-1,4.282142857142857,-1.7070659603554341,0.359103707161424,0.49930919312169314,0.009166666666666667,-0.6416666666666667,0.2293838013838012,0.06261904761904756,-0.15059493950551786,-0.017985283770271955,-0.008333333333333333,-0.038021584896584894,0.3924391718232593,0.022787634719329822,0.0033333333333333335,4,0.4,300,15,1X+2X
