I,I_CONV,MAX_F,MIN_F,MEAN_F,C_TONE,C_TONE_B,CADENCE,L_NOTE,I_RES,L_INT,L_DUR,CONS_R,CONS_N,PATTERN_D,PATTERN_SD,EQ_INDIV,INDIV_SIZE,L_RATE,POP_SIZE,E_SIZE,X_TYPE
500,-1,6.068703621799597,0.37986111111111104,4.0101556799043685,0.7176813117438102,0.678125,0.1535,0.7831692973692983,0.3753571428571468,-0.012209062080895138,-0.00815336971860522,0.0,-0.02246420107670109,0.675332924954267,0.6698166358560403,0.55,4,0.4,1000,50,1X+2X
500,-1,6.010506569453938,0.20582295198781275,4.0806835126404195,0.5985175366300356,0.61925,0.436,0.7081796037296036,0.4116428571428598,-0.011540012332956808,-0.008008795512143533,-0.0005,-0.02085863997113999,0.6942974377757163,0.6537035251784679,0.55,4,0.4,1000,50,1X+2X
