,half,quarter,eighth,16th
half,0.36330677926715294,0.06793810342369158,0.01885130727061614,0.013373663590719875
quarter,0.3385757790204642,0.48450631351860435,0.2089005050517479,0.1453451231665885
eighth,0.28077905967985356,0.41951140350055355,0.6760611826361796,0.3348784374562247
16th,0.01733838203252933,0.028044179557150568,0.09618700504145637,0.5064027757864669
