,half,quarter,eighth,16th
half,0.4502711372674503,0.07173967743024591,0.019967270180618914,0.030220732244751122
quarter,0.3257102004223704,0.47786726283896785,0.205213126376923,0.14409704857936334
eighth,0.19163831932743047,0.4222910351903292,0.680603005127974,0.33220923571002764
16th,0.03238034298274867,0.028102024540457054,0.09421659831448412,0.4934729834658579
