,quarter,eighth,half,16th
quarter,0.5311977895154929,0.20883293085829585,0.5174834083708709,0.12740279250288805
eighth,0.35535127727062554,0.6188228253492218,0.28137910170647545,0.5162902527465989
half,0.08900080189920116,0.05736951733578162,0.1808316469631308,0.03235680074934663
16th,0.024450131314680355,0.11497472645670076,0.020305842959522792,0.3239501540011664
