,quarter,eighth,half,16th
quarter,0.5417880478615407,0.2130265192964966,0.462355800169023,0.12760327551399148
eighth,0.3397234963111277,0.6189409466325827,0.25035544403492677,0.593717346825075
half,0.09237417274014546,0.06395169974093602,0.2718996674138537,0.023133045422245254
16th,0.026114283087186226,0.10408083432998472,0.015389088382196572,0.2555463322386882
