,half,quarter,eighth,16th
half,0.4403234785363887,0.06871825441968545,0.023602312612370488,0.010171767139174486
quarter,0.35465964257953897,0.46258209254975935,0.20845056369900328,0.129381677898454
eighth,0.19078844872673623,0.44175213158011334,0.673068162447068,0.3593993305706593
16th,0.014228430157336103,0.026947521450441908,0.09487896124155819,0.5010472243917122
