,half,quarter,eighth,16th
half,0.40833024748821145,0.07112081622118754,0.028765153694749634,0.022479792855477864
quarter,0.3896188801359825,0.4861709362087505,0.19976338384447526,0.11415186977905008
eighth,0.19792242050128656,0.4197546434278709,0.6650044101589966,0.3327437573729161
16th,0.004128451874519515,0.02295360414219101,0.10646705230177855,0.530624579992556
