,quarter,eighth,half,16th
quarter,0.6666777548433653,0.4999700365301253,0.48979473114954947,0.000101010191055766
eighth,0.22221269469174945,0.5000074258947675,1.30114222216441e-06,0.9997147241292245
half,0.11110954868817914,1.10611704236665e-05,0.5102039674246222,3.907358454985875e-06
16th,1.7767059847617502e-09,1.147640468344564e-05,2.836062675490052e-10,0.00018035832126483574
