,half,quarter,eighth,16th
half,0.48727083062784843,0.07728812472919674,0.02019398952791684,0.012686300968691975
quarter,0.2876045000937149,0.4530391961791393,0.19928437159922233,0.13287341202088482
eighth,0.1820926394616094,0.44766124749828073,0.6958550661327805,0.3707882999996328
16th,0.04303202981682725,0.02201143159338325,0.0846665727400803,0.48365198701079043
