,half,quarter,eighth,16th
half,0.07063264183444613,0.08189471509195755,0.03638400547239057,2.821109908153486e-05
quarter,0.25024114720992685,0.23255767384974588,0.1275720258278663,0.04664687608293619
eighth,0.5469027893900962,0.6641427542820093,0.8089712753919643,0.5293701019749406
16th,0.13222342156553082,0.021404856776287222,0.027072693307778763,0.42395481084304165
