,quarter,eighth,half,16th
quarter,4.867302977101936e-06,0.11111091289967588,0.4444557758043716,0.003951708311995015
eighth,0.9999809342015779,0.8333360406397522,5.231996862060461e-09,0.6871681437645347
half,1.4198173343351593e-05,0.05555303536474431,0.5555442187672051,0.15169177345066417
16th,3.221016767361282e-10,1.1095827642037633e-08,1.9642648358953194e-10,0.15718837447280606
