I,I_CONV,MAX_F,MIN_F,MEAN_F,C_TONE,C_TONE_B,CADENCE,L_NOTE,I_RES,L_INT,L_DUR,CONS_R,CONS_N,PATTERN_D,PATTERN_SD,EQ_INDIV,INDIV_SIZE,L_RATE,POP_SIZE,E_SIZE,X_TYPE
300,-1,4.294642857142858,-1.895983832129343,0.3531390054498239,0.4934170995671004,-0.008,-0.617,0.22512116217116196,0.06614285714285718,-0.11752030588840393,-0.017606739064220053,-0.008,-0.09126764069264057,0.4081223915482863,0.019730180665684015,0.002,4,0.4,500,25,1X+2X
300,-1,4.538690476190476,-1.8885101010101009,0.15151536022394935,0.4691095931845937,-0.052,-0.694,0.1719732517482516,0.05557142857142857,-0.11078300922352487,-0.016965729682901724,-0.025,-0.06855725108225112,0.4036091904465306,0.018557886261823232,0.002,4,0.4,500,25,1X+2X
300,-1,4.136507936507937,-1.9140151515151516,0.22114715164829965,0.4859562867687871,-0.0425,-0.661,0.2034262487512486,0.05100000000000004,-0.1266378422844542,-0.016670702787995227,-0.0255,-0.05921896853146866,0.3956105798916625,0.01668154984051908,0.002,4,0.4,500,25,1X+2X
300,-1,4.273611111111111,-1.8362332112332114,0.383599897605793,0.5027331834831839,-0.00225,-0.638,0.2372146742146742,0.08342857142857156,-0.12654931492660146,-0.016555155258839233,-0.0055,-0.06825331057831058,0.3996257939978681,0.017705455245248403,0.002,4,0.4,500,25,1X+2X
300,-1,4.280058786672565,-1.9993589743589741,0.25449884515866666,0.48264420995671,-0.02925,-0.669,0.2000665861915862,0.06114285714285722,-0.12089356942525517,-0.015518191263067629,-0.0205,-0.061344967532467584,0.4095043448982295,0.017647575190074174,0.002,4,0.4,500,25,1X+2X
