,half,quarter,eighth,16th
half,0.17690039389181345,0.062391107528628545,0.019181636231798548,0.0010262270810346315
quarter,0.750704054026393,0.49815365727933003,0.22800958817674227,0.13197341349098393
eighth,0.06772985790136422,0.37682106399697346,0.6371798499803986,0.33356323025233875
16th,0.004665694180429322,0.06263417119506803,0.11562892561106068,0.5334371291756428
