,eighth,quarter,16th,half
eighth,0.699468085106383,0.3718518518518519,0.1210906174819567,0.32666666666666666
quarter,0.16422872340425532,0.4177777777777778,0.05854049719326383,0.49333333333333335
16th,0.10438829787234043,0.1259259259259259,0.8019246190858059,0.03333333333333333
half,0.031914893617021274,0.08444444444444445,0.018444266238973536,0.14666666666666667
