,quarter,eighth,half,16th
quarter,0.5541632983023443,0.22491054694155735,0.4930325149303251,0.14357429718875503
eighth,0.301535974130962,0.5939683080592946,0.2342402123424021,0.5401606425702812
half,0.12469684721099435,0.07905946498551712,0.26542800265428,0.02610441767068273
16th,0.019603880355699273,0.10206168001363095,0.0072992700729927005,0.2901606425702811
