,quarter,eighth,half
quarter,0.5,0.3333333333333333,0.5
eighth,0.375,0.6296296296296297,0.5
half,0.125,0.037037037037037035,0.0
