,G4,F4,E4,C4,REST,D4,C5
G4,0.6666666666666666,0.0,0.16666666666666666,0.05555555555555555,0.3333333333333333,0.0,0.3333333333333333
F4,0.16666666666666666,0.2222222222222222,0.3333333333333333,0.1111111111111111,0.0,0.0,0.3333333333333333
C5,0.16666666666666666,0.1111111111111111,0.0,0.0,0.0,0.0,0.0
E4,0.0,0.5555555555555556,0.0,0.05555555555555555,0.0,0.0,0.0
C4,0.0,0.1111111111111111,0.5,0.6666666666666666,0.3333333333333333,0.0,0.3333333333333333
REST,0.0,0.0,0.0,0.05555555555555555,0.3333333333333333,0.25,0.0
D4,0.0,0.0,0.0,0.05555555555555555,0.0,0.75,0.0
