,quarter,eighth,half,16th
quarter,0.9230762116849209,0.5317714887558399,0.9999983699230703,0.16696974952961469
eighth,4.6835770386923085e-07,0.45327755838276507,5.163594701306355e-08,0.6530205635566518
half,0.07692331959007115,0.0005998112662095843,1.5716355670724006e-06,0.16570771395199418
16th,3.6730405055962497e-10,0.014351141595185423,6.805415556772347e-09,0.01430197296173923
