,quarter,eighth,half,16th
quarter,0.4536076896294052,0.24013946265245456,0.5597109770002543,0.08988274065852916
eighth,0.3719124860842857,0.6234846562263552,0.22231647695403967,0.5436851519624809
half,0.12382857962030283,0.04724918547935118,0.1714448065053808,0.0010395694622776766
16th,0.05065124466600631,0.08912669564183909,0.046527739540325234,0.36539253791671217
