,half,quarter,eighth,16th
half,0.4866814385872458,0.02841125073519971,0.04248229556980425,0.01905173756412733
quarter,0.24143184756853403,0.4997894326423911,0.1863612747467568,0.12044159319642242
eighth,0.2663133692215297,0.4568771588297672,0.6032664194471709,0.30371373253947914
16th,0.005573344622690428,0.014922157792641944,0.1678900102362681,0.5567929366999711
