,quarter,eighth,half,16th
quarter,0.5714285911129997,0.1666666717688882,0.999999995598128,0.4271872600242726
eighth,0.2857142724883269,0.8333333281981498,1.469152475420951e-09,0.04802606365709763
half,0.1428571363986505,3.283070797597812e-11,2.9327026840334575e-09,0.08970110845177165
16th,2.2829120795295953e-14,1.3136426642765438e-13,1.6863843044682955e-14,0.4350855678668581
