,quarter,eighth,half,16th
quarter,0.24999999997807243,0.4166666666585494,0.9999999999999999,0.3773826555961232
eighth,0.6250000000182492,0.5833333333414507,1.3707182122448775e-23,0.23794044447203477
half,0.12500000000367842,6.38695141009519e-24,3.2188504094371284e-22,0.007990754718479886
16th,2.4664001379157558e-26,3.2304341600333256e-25,2.094741224924366e-26,0.37668614521336213
