,quarter,eighth,half,16th
quarter,2.5034101808588592e-24,1.3975890774208484e-12,0.9999999999999999,0.49999999999999994
eighth,0.9999999999999999,0.7692307692290492,9.046733172905635e-27,7.62581200124337e-27
half,2.4114483154829885e-25,0.15384615384567008,1.1873755556222676e-24,4.0710282699443324e-30
16th,5.250979974318115e-31,0.07692307692388323,3.8850713998639767e-31,0.49999999999999994
