,quarter,eighth,half,16th
quarter,0.5112266860199932,0.1867601349760222,0.4613829359242595,0.17531166940221718
eighth,0.3160023110313288,0.6158164214830832,0.3614217348948508,0.48704339460892426
half,0.14465431908607737,0.05178684537220656,0.15308950892953455,0.020217934734950774
16th,0.028116683862600654,0.14563659816868793,0.02410582025135515,0.31742700125390777
