,half,quarter,eighth,16th
half,0.47207392078204036,0.0791725221106721,0.03438233986719453,0.01955854918236216
quarter,0.3581459604043314,0.44873341614632356,0.21557689461533872,0.14053467909353898
eighth,0.154689829153472,0.44384814532934913,0.6421580129393211,0.35805837663070134
16th,0.015090289660156268,0.028245916413655175,0.10788275257814564,0.4818483950933975
