,half,quarter,eighth,16th
half,0.4933295396483417,0.06641664889780444,0.023389950093344016,0.02155218987539758
quarter,0.2794233362845333,0.43726674251092135,0.22547224705217905,0.1405539353947166
eighth,0.20581604006238258,0.4539777294722284,0.6679143688208089,0.3945484683328208
16th,0.021431084004742418,0.04233887911904581,0.083223434033668,0.443345406397065
