,half,quarter,eighth,16th
half,0.4605761328108256,0.06272162709542362,0.017829069562970267,0.017657875628389684
quarter,0.31426740966702127,0.48569690098974294,0.19868507325140317,0.1353556482223498
eighth,0.1827189424143479,0.4138366428698776,0.697344339456447,0.37463231231419525
16th,0.04243751510780523,0.03774482904495584,0.08614151772917955,0.47235416383506523
