,half,quarter,eighth,16th
half,0.3668165924118376,0.0654256118072524,0.030487060305658693,0.020464825405868005
quarter,0.4468448308154752,0.5082088275223743,0.1984129079750428,0.11601786666811388
eighth,0.1682337807273412,0.394240928439114,0.6705007208601048,0.35139070887092183
16th,0.018104796045346042,0.03212463223125926,0.10059931085919371,0.5121265990550963
