,half,quarter,eighth,16th
half,0.6825032732674732,0.07134403207554953,0.07743572245038455,0.0021695166887366517
quarter,0.1381560284818779,0.49585234477512957,0.14893558244738214,0.048117546542941605
eighth,0.1277149617308485,0.42101267543740284,0.5886158408144643,0.3414111266656486
16th,0.051625736519800375,0.01179094771191811,0.1850128542877691,0.6083018101026731
