,quarter,eighth,half,16th
quarter,0.33333323688747696,0.1666665183347532,0.9999992017706691,0.00726203535735688
eighth,0.3333335615196213,0.8333333328810609,2.6546963655761902e-09,0.27607058659286965
half,0.33333320159186974,1.486356396535046e-07,7.955581856756716e-07,5.7550819886889856e-05
16th,1.0319750374725491e-12,1.4854628395047305e-10,1.6448764778812945e-11,0.7166098272298866
