,half,quarter,eighth,16th
half,0.5026538502232002,0.03525834322634329,0.042676456995909065,0.013776903139228691
quarter,0.06367010088399208,0.2990479776452528,0.07529538811325759,0.15258198966914355
eighth,0.4184821291000217,0.6477805884161248,0.8653992166130029,0.36972912343177844
16th,0.015193919792785976,0.017913090712279013,0.01662893827783056,0.4639119837598493
