,half,quarter,eighth,16th
half,0.5731892770363264,0.07074242145270489,0.021616840203075062,0.01729615335213026
quarter,0.2695498720023152,0.4716829196700457,0.20478328959746217,0.13416503596501325
eighth,0.1333555134692177,0.43094007135878565,0.674745732946456,0.34980803551890777
16th,0.023905337492140712,0.02663458751846372,0.0988541372530068,0.49873077516394876
